CanalID,Nombre,CantidadShorts,PrimerShort,UltimoShort
UCCKMZAvEMR7IzVKBxyLb9Lg,https://youtube.com/@floydtvonline?si=jUPNtgg266-y5k8q,8,2025-08-28,2025-09-01
UC7WpCrWnAh5DoHtMxbrtMnQ,https://youtube.com/@chocotvok?si=2YVCEG5eRz7k7bcY,88,2025-08-03,2025-09-02
UCxtCp4e1pGevREzI4aCMjow,https://youtube.com/@elbunkermza?si=DYKceoHFUHXZNPzW,15,2025-08-03,2025-09-01
UCxy1_VhGyaCbto2-DcXqk_w,https://youtube.com/@serebrosstv?si=XcpEMWAXDYY1bK0E,25,2025-08-04,2025-09-01
UCRw1y2JAiHN3mcjjCtrBBng,https://youtube.com/@canalbardo?si=IANKmAlZraytP1gI,14,2025-08-04,2025-09-01
UCBSWjvvdoYMkgdybOl1TafA,https://youtube.com/@gordivinos?si=ZjBDS7cJsTDiYNYh,3,2025-08-06,2025-08-16
UCc8mzxrfokRgbCxQkoTFV-w,https://youtube.com/@cascotetv?si=6BIclzcR-wDcxADN,6,2025-08-19,2025-09-01
UC1gMJbPatMRNcWKQGfmw8MQ,https://youtube.com/@oidmortalesmza?si=XeujmJKrR_AFYcHm,51,2025-08-11,2025-09-02
UCghFRyDAl663a6CPtjwXw9g,https://youtube.com/@sifonazostream?si=BJ5yAWV1ixXxL354,59,2025-08-03,2025-09-02
